open_ts,close_ts,dir,entry,stop,tp,exit,reason,rr_plan,pnl_u,fees_u,why
2025-05-07 18:45:00+00:00,2025-05-07 19:15:00+00:00,long,96553.9,95985.7762,97690.1476,95985.7762,sl,2.0,-1.627,0.2542,看涨吞没 + 接近支撑位 + 近期 swing 低点 + 顺 1H 多头趋势 + 非破位延续 + 放量
2025-05-09 03:00:00+00:00,2025-05-09 07:15:00+00:00,long,102700.2,102178.542,103743.516,103743.516,tp,2.0,2.851,0.2968,看涨吞没 + 接近支撑位 + 顺 1H 多头趋势 + 非破位延续
2025-05-09 09:30:00+00:00,2025-05-10 06:45:00+00:00,long,102746.0,102178.542,103880.916,103880.916,tp,2.0,2.863,0.2731,看涨吞没 + 接近支撑位 + 近期 swing 低点 + 顺 1H 多头趋势 + 非破位延续
2025-05-12 10:15:00+00:00,2025-05-12 11:45:00+00:00,long,104279.1,103712.925,105411.45,103712.925,sl,2.0,-1.637,0.2755,锤头 + 接近支撑位 + 近期 swing 低点 + 顺 1H 多头趋势 + 非破位延续
2025-05-13 17:30:00+00:00,2025-05-14 02:00:00+00:00,long,104021.9,103427.3842,105210.9316,103427.3842,sl,2.0,-1.63,0.2617,看涨吞没 + 接近支撑位 + 顺 1H 多头趋势 + 非破位延续
2025-05-16 01:15:00+00:00,2025-05-16 08:15:00+00:00,long,103754.8,103113.6283,105037.1434,103113.6283,sl,2.0,-0.81,0.121,看涨吞没 + 接近支撑位 + 近期 swing 低点 + 顺 1H 多头趋势 + 非破位延续
2025-05-20 04:30:00+00:00,2025-05-20 07:30:00+00:00,long,105682.1,105167.548,106711.204,105167.548,sl,2.0,-0.827,0.1537,看涨吞没 + 接近支撑位 + 近期 swing 低点 + 顺 1H 多头趋势 + 非破位延续
2025-05-22 07:30:00+00:00,2025-05-23 11:45:00+00:00,long,110856.0,110118.65,112330.7,110118.65,sl,2.0,-0.806,0.1124,看涨吞没 + 接近支撑位 + 近期 swing 低点 + 顺 1H 多头趋势 + 非破位延续
2025-05-26 03:15:00+00:00,2025-05-26 19:30:00+00:00,long,109617.8,108818.2629,111216.8742,108818.2629,sl,2.0,-1.602,0.2049,看涨吞没 + 接近支撑位 + 近期 swing 低点 + 顺 1H 多头趋势 + 非破位延续
2025-05-27 19:30:00+00:00,2025-05-27 21:15:00+00:00,long,109868.0,109232.317,111139.366,109232.317,sl,2.0,-1.629,0.2585,看涨吞没 + 接近支撑位 + 近期 swing 低点 + 顺 1H 多头趋势 + 非破位延续
2025-05-29 22:00:00+00:00,2025-05-29 23:45:00+00:00,short,106260.0,106749.29,105281.42,105281.42,tp,2.0,1.419,0.1621,看跌吞没 + 接近压力位 + 近期 swing 高点 + 顺 1H 空头趋势 + 非破位延续
2025-05-30 13:45:00+00:00,2025-05-30 16:45:00+00:00,short,105448.7,106248.793,103848.514,103848.514,tp,2.0,1.451,0.0981,看跌吞没 + 接近压力位 + 顺 1H 空头趋势 + 非破位延续 + 放量
2025-05-30 19:30:00+00:00,2025-05-31 02:00:00+00:00,short,104590.3,105264.85,103241.2,103241.2,tp,2.0,1.443,0.1155,看跌吞没 + 接近压力位 + 近期 swing 高点 + 顺 1H 空头趋势 + 非破位延续
2025-06-02 14:30:00+00:00,2025-06-02 20:00:00+00:00,short,104337.7,104744.9951,103523.1098,104744.9951,sl,2.0,-0.846,0.1925,流星 + 接近压力位 + 近期 swing 高点 + 顺 1H 空头趋势 + 非破位延续 + 放量
2025-06-05 15:00:00+00:00,2025-06-05 18:00:00+00:00,short,104301.9,104951.3122,103003.0756,103003.0756,tp,2.0,2.881,0.2394,黄昏星 + 接近压力位 + 顺 1H 空头趋势 + 非破位延续
2025-06-05 23:30:00+00:00,2025-06-06 02:45:00+00:00,short,101477.2,102082.1304,100267.3392,102082.1304,sl,2.0,-1.627,0.2524,看跌吞没 + 接近压力位 + 近期 swing 高点 + 顺 1H 空头趋势 + 非破位延续
2025-06-12 18:00:00+00:00,2025-06-12 20:00:00+00:00,short,108014.8,108720.185,106604.03,106604.03,tp,2.0,2.887,0.2282,看跌吞没 + 接近压力位 + 近期 swing 高点 + 顺 1H 空头趋势 + 非破位延续
2025-06-13 19:15:00+00:00,2025-06-13 21:15:00+00:00,short,104997.7,105566.8533,103859.3934,105566.8533,sl,2.0,-1.639,0.2775,看跌吞没 + 接近压力位 + 顺 1H 空头趋势 + 非破位延续
2025-06-19 01:30:00+00:00,2025-06-19 03:45:00+00:00,short,104521.3,105007.4802,103548.9396,105007.4802,sl,2.0,-1.662,0.3232,乌云盖顶 + 接近压力位 + 近期 swing 高点 + 顺 1H 空头趋势 + 非破位延续
2025-06-20 21:00:00+00:00,2025-06-21 19:30:00+00:00,short,103483.1,104086.325,102276.65,102276.65,tp,2.0,2.873,0.2558,看跌吞没 + 接近压力位 + 近期 swing 高点 + 顺 1H 空头趋势 + 非破位延续
2025-06-22 01:45:00+00:00,2025-06-22 13:30:00+00:00,short,102354.5,103167.0755,100729.349,100729.349,tp,2.0,2.907,0.1874,看跌吞没 + 接近压力位 + 顺 1H 空头趋势 + 非破位延续
2025-06-23 15:15:00+00:00,2025-06-23 16:15:00+00:00,short,101467.1,101866.0842,100669.1316,100669.1316,tp,2.0,2.811,0.38,看跌吞没 + 接近压力位 + 顺 1H 空头趋势 + 非破位延续
2025-06-24 02:30:00+00:00,2025-06-25 00:00:00+00:00,long,104985.2,104331.8626,106291.8748,106291.8748,tp,2.0,2.878,0.2425,锤头 + 接近支撑位 + 近期 swing 低点 + 顺 1H 多头趋势 + 非破位延续
2025-07-03 16:30:00+00:00,2025-07-04 06:00:00+00:00,long,109317.4,108757.745,110436.71,108757.745,sl,2.0,-1.646,0.2922,看涨吞没 + 接近支撑位 + 近期 swing 低点 + 顺 1H 多头趋势 + 非破位延续
2025-07-10 19:30:00+00:00,2025-07-10 21:15:00+00:00,long,113204.2,112604.7692,114403.0616,114403.0616,tp,2.0,2.857,0.2848,锤头 + 接近支撑位 + 近期 swing 低点 + 顺 1H 多头趋势 + 非破位延续
2025-07-11 00:45:00+00:00,2025-07-11 05:30:00+00:00,long,115565.8,114864.6691,117766.8,117766.8,tp,3.14,4.583,0.2496,看涨吞没 + 接近支撑位 + 近期 swing 低点 + 顺 1H 多头趋势 + 非破位延续
2025-07-11 07:15:00+00:00,2025-07-11 15:45:00+00:00,long,117872.6,117097.65,119422.5,117097.65,sl,2.0,-1.613,0.2274,看涨吞没 + 接近支撑位 + 近期 swing 低点 + 顺 1H 多头趋势 + 非破位延续
2025-07-11 19:45:00+00:00,2025-07-11 22:15:00+00:00,long,118069.9,117267.5388,119674.6224,117267.5388,sl,2.0,-1.61,0.22,看涨吞没 + 接近支撑位 + 顺 1H 多头趋势 + 非破位延续
2025-07-15 14:15:00+00:00,2025-07-15 14:30:00+00:00,short,117592.0,117952.8,116870.4,116870.4,tp,2.0,2.757,0.4874,看跌吞没 + 接近压力位 + 近期 swing 高点 + 顺 1H 空头趋势 + 非破位延续 + 放量
2025-07-15 16:45:00+00:00,2025-07-15 18:30:00+00:00,short,117221.0,117628.5301,116405.9398,116405.9398,tp,2.0,2.786,0.43,乌云盖顶 + 接近压力位 + 近期 swing 高点 + 顺 1H 空头趋势 + 非破位延续
2025-07-16 16:45:00+00:00,2025-07-16 18:00:00+00:00,long,119299.3,118906.208,120085.484,118906.208,sl,2.0,-1.727,0.4545,看涨吞没 + 接近支撑位 + 顺 1H 多头趋势 + 非破位延续
2025-07-17 18:15:00+00:00,2025-07-17 19:45:00+00:00,long,119768.4,119179.386,120946.428,119179.386,sl,2.0,-1.652,0.3043,看涨吞没 + 接近支撑位 + 顺 1H 多头趋势 + 非破位延续 + 放量
2025-07-18 21:45:00+00:00,2025-07-19 02:45:00+00:00,short,117719.9,118304.9533,116549.7934,118304.9533,sl,2.0,-1.652,0.3026,看跌吞没 + 接近压力位 + 顺 1H 空头趋势 + 非破位延续
2025-07-21 18:30:00+00:00,2025-07-22 07:00:00+00:00,short,117535.8,118304.9533,115997.4934,118304.9533,sl,2.0,-1.615,0.23,看跌吞没 + 接近压力位 + 近期 swing 高点 + 顺 1H 空头趋势 + 非破位延续
2025-07-23 16:00:00+00:00,2025-07-23 18:30:00+00:00,short,117942.9,118373.2576,117082.1848,118373.2576,sl,2.0,-1.706,0.4118,看跌吞没 + 接近压力位 + 近期 swing 高点 + 顺 1H 空头趋势 + 非破位延续
2025-07-25 05:45:00+00:00,2025-07-25 10:45:00+00:00,short,115550.1,116476.384,113697.532,116476.384,sl,2.0,-0.797,0.0939,看跌吞没 + 接近压力位 + 顺 1H 空头趋势 + 非破位延续
2025-08-01 09:45:00+00:00,2025-08-01 12:30:00+00:00,short,114890.0,115640.7847,113388.4306,115640.7847,sl,2.0,-0.808,0.1151,黄昏星 + 接近压力位 + 近期 swing 高点 + 顺 1H 空头趋势 + 非破位延续
2025-08-05 15:15:00+00:00,2025-08-05 17:15:00+00:00,short,112937.8,113359.9627,112093.4746,113359.9627,sl,2.0,-1.701,0.402,看跌吞没 + 接近压力位 + 顺 1H 空头趋势 + 非破位延续
2025-08-12 14:00:00+00:00,2025-08-12 20:45:00+00:00,long,119147.9,118611.096,120221.508,120221.508,tp,2.0,2.832,0.3344,启明星 + 接近支撑位 + 顺 1H 多头趋势 + 非破位延续
2025-08-13 13:45:00+00:00,2025-08-13 14:45:00+00:00,long,121798.1,120847.367,123699.566,120847.367,sl,2.0,-1.595,0.1914,看涨吞没 + 接近支撑位 + 近期 swing 低点 + 顺 1H 多头趋势 + 非破位延续 + 放量
2025-08-20 15:30:00+00:00,2025-08-20 16:15:00+00:00,short,113860.1,114254.8393,113070.6214,114254.8393,sl,2.0,-1.717,0.4334,乌云盖顶 + 接近压力位 + 近期 swing 高点 + 顺 1H 空头趋势 + 非破位延续
2025-08-22 20:00:00+00:00,2025-08-23 02:15:00+00:00,long,116824.5,116128.8651,118215.7698,116128.8651,sl,2.0,-1.625,0.2512,看涨吞没 + 接近支撑位 + 近期 swing 低点 + 顺 1H 多头趋势 + 非破位延续
2025-08-24 19:30:00+00:00,2025-08-24 20:00:00+00:00,short,113022.5,113617.6334,111832.2332,111832.2332,tp,2.0,1.43,0.1417,看跌吞没 + 接近压力位 + 顺 1H 空头趋势 + 非破位延续 + 放量
2025-08-24 22:00:00+00:00,2025-08-24 23:30:00+00:00,short,112875.8,113617.6334,111392.1332,113617.6334,sl,2.0,-0.807,0.1145,看跌吞没 + 接近压力位 + 顺 1H 空头趋势 + 非破位延续
2025-08-25 04:00:00+00:00,2025-08-25 08:00:00+00:00,short,112810.1,113617.6334,111195.0332,111195.0332,tp,2.0,1.448,0.104,流星 + 接近压力位 + 顺 1H 空头趋势 + 非破位延续 + 放量
2025-08-26 14:00:00+00:00,2025-08-26 14:15:00+00:00,short,109841.3,110313.3502,108897.1996,110313.3502,sl,2.0,-0.838,0.1749,看跌吞没 + 接近压力位 + 顺 1H 空头趋势 + 非破位延续 + 放量
2025-08-27 20:00:00+00:00,2025-08-27 20:15:00+00:00,long,111871.0,111105.68,113401.64,111105.68,sl,2.0,-0.804,0.1093,锤头 + 接近支撑位 + 顺 1H 多头趋势 + 非破位延续 + 放量
2025-08-28 00:15:00+00:00,2025-08-28 02:00:00+00:00,short,111100.0,111694.6818,109910.6364,111694.6818,sl,2.0,-0.82,0.1405,看跌吞没 + 接近压力位 + 顺 1H 空头趋势 + 非破位延续
2025-08-29 18:00:00+00:00,2025-08-31 00:30:00+00:00,short,108303.9,109114.6649,106682.3702,109114.6649,sl,2.0,-0.8,0.1006,看跌吞没 + 接近压力位 + 顺 1H 空头趋势 + 非破位延续
2025-09-02 13:00:00+00:00,2025-09-02 13:30:00+00:00,long,109133.3,108482.6727,110434.5546,110434.5546,tp,2.0,2.873,0.2531,启明星 + 接近支撑位 + 近期 swing 低点 + 顺 1H 多头趋势 + 非破位延续 + 放量
2025-09-02 17:15:00+00:00,2025-09-03 14:30:00+00:00,long,110834.9,110099.707,112305.286,112305.286,tp,2.0,2.885,0.2276,看涨吞没 + 接近支撑位 + 顺 1H 多头趋势 + 非破位延续
2025-09-11 14:15:00+00:00,2025-09-11 23:00:00+00:00,long,114115.6,113548.33,115250.14,115250.14,tp,2.0,2.848,0.3032,锤头 + 接近支撑位 + 顺 1H 多头趋势 + 非破位延续
2025-09-17 22:30:00+00:00,2025-09-18 03:00:00+00:00,long,116286.0,115829.7651,117198.4698,117198.4698,tp,2.0,2.807,0.3838,看涨吞没 + 接近支撑位 + 顺 1H 多头趋势 + 非破位延续
2025-09-25 15:00:00+00:00,2025-09-25 17:30:00+00:00,short,111267.1,112021.6598,109757.9804,109757.9804,tp,2.0,2.891,0.2197,看跌吞没 + 接近压力位 + 近期 swing 高点 + 顺 1H 空头趋势 + 非破位延续
2025-09-25 19:30:00+00:00,2025-09-28 16:00:00+00:00,short,109505.9,110264.5041,107988.6918,110264.5041,sl,2.0,-1.609,0.2173,看跌吞没 + 接近压力位 + 近期 swing 高点 + 顺 1H 空头趋势 + 非破位延续
2025-10-02 17:45:00+00:00,2025-10-03 15:30:00+00:00,long,119874.8,118973.007,121678.386,121678.386,tp,2.0,2.899,0.2009,启明星 + 接近支撑位 + 近期 swing 低点 + 顺 1H 多头趋势 + 非破位延续
2025-10-07 20:30:00+00:00,2025-10-08 08:30:00+00:00,short,122010.2,122755.164,120520.272,122755.164,sl,2.0,-1.624,0.2464,乌云盖顶 + 接近压力位 + 顺 1H 空头趋势 + 非破位延续
2025-10-09 14:15:00+00:00,2025-10-09 16:45:00+00:00,short,121648.1,122240.9259,120462.4482,120462.4482,tp,2.0,2.848,0.3063,看跌吞没 + 接近压力位 + 顺 1H 空头趋势 + 非破位延续 + 放量
2025-10-09 19:30:00+00:00,2025-10-09 21:30:00+00:00,short,120799.9,121455.9781,119487.7438,121455.9781,sl,2.0,-1.639,0.2769,看跌吞没 + 接近压力位 + 顺 1H 空头趋势 + 非破位延续
2025-10-11 14:45:00+00:00,2025-10-11 20:45:00+00:00,short,111945.5,112817.44,110201.62,110201.62,tp,2.0,2.905,0.1911,看跌吞没 + 接近压力位 + 顺 1H 空头趋势 + 非破位延续
2025-10-12 08:30:00+00:00,2025-10-12 14:45:00+00:00,short,111555.0,112268.9996,110127.0008,112268.9996,sl,2.0,-1.618,0.2351,乌云盖顶 + 接近压力位 + 顺 1H 空头趋势 + 非破位延续
2025-10-13 16:45:00+00:00,2025-10-13 19:45:00+00:00,long,114608.0,114025.2948,115773.4104,115773.4104,tp,2.0,2.851,0.2965,看涨吞没 + 接近支撑位 + 顺 1H 多头趋势 + 非破位延续
2025-10-14 05:15:00+00:00,2025-10-14 06:45:00+00:00,short,112985.2,113658.4555,111638.689,111638.689,tp,2.0,2.876,0.2502,看跌吞没 + 接近压力位 + 顺 1H 空头趋势 + 非破位延续 + 放量
2025-10-14 07:30:00+00:00,2025-10-14 10:15:00+00:00,short,111631.3,112268.9996,110355.9008,110355.9008,tp,2.0,2.87,0.2611,看跌吞没 + 接近压力位 + 顺 1H 空头趋势 + 非破位延续
2025-10-14 11:30:00+00:00,2025-10-14 13:00:00+00:00,short,111274.4,111694.4812,110434.2376,110434.2376,tp,2.0,2.803,0.3958,看跌吞没 + 接近压力位 + 近期 swing 高点 + 顺 1H 空头趋势 + 非破位延续
2025-10-14 14:15:00+00:00,2025-10-14 15:45:00+00:00,short,111753.3,112268.9996,110721.9008,112268.9996,sl,2.0,-1.663,0.3258,流星 + 接近压力位 + 顺 1H 空头趋势 + 放量
2025-10-15 01:00:00+00:00,2025-10-15 02:15:00+00:00,short,112683.5,113479.42,111091.66,113479.42,sl,2.0,-1.607,0.2131,看跌吞没 + 接近压力位 + 顺 1H 空头趋势 + 非破位延续 + 放量
2025-10-17 01:15:00+00:00,2025-10-17 06:30:00+00:00,short,108759.7,109386.7788,107505.5424,107505.5424,tp,2.0,2.871,0.2587,乌云盖顶 + 接近压力位 + 近期 swing 高点 + 顺 1H 空头趋势 + 非破位延续
2025-10-17 18:00:00+00:00,2025-10-17 18:15:00+00:00,short,106530.4,106874.5647,105842.0706,106874.5647,sl,2.0,-1.733,0.465,流星 + 接近压力位 + 顺 1H 空头趋势 + 非破位延续
2025-10-17 23:00:00+00:00,2025-10-18 07:00:00+00:00,short,106785.5,107370.5482,105615.4036,107370.5482,sl,2.0,-1.638,0.2745,看跌吞没 + 接近压力位 + 顺 1H 空头趋势 + 非破位延续
2025-10-20 02:15:00+00:00,2025-10-20 03:30:00+00:00,long,108395.8,108008.3001,109170.7998,109170.7998,tp,2.0,2.789,0.4211,看涨吞没 + 接近支撑位 + 顺 1H 多头趋势 + 非破位延续 + 放量
2025-10-20 19:30:00+00:00,2025-10-21 00:00:00+00:00,long,110791.2,110234.7008,111904.1984,110234.7008,sl,2.0,-1.649,0.2979,看涨吞没 + 接近支撑位 + 顺 1H 多头趋势 + 非破位延续
2025-10-22 06:30:00+00:00,2025-10-22 11:00:00+00:00,short,107979.3,108467.6296,107002.6408,107002.6408,tp,2.0,2.836,0.3302,看跌吞没 + 接近压力位 + 顺 1H 空头趋势 + 非破位延续
2025-10-22 16:30:00+00:00,2025-10-22 21:00:00+00:00,short,108372.9,108902.5304,107313.6392,107313.6392,tp,2.0,2.848,0.3054,看跌吞没 + 接近压力位 + 近期 swing 高点 + 顺 1H 空头趋势 + 非破位延续 + 放量
2025-10-23 15:45:00+00:00,2025-10-23 17:30:00+00:00,long,109841.0,109473.6907,110575.6186,110575.6186,tp,2.0,2.774,0.4501,看涨吞没 + 接近支撑位 + 顺 1H 多头趋势 + 非破位延续
2025-10-23 18:45:00+00:00,2025-10-23 20:00:00+00:00,long,110521.0,110020.8443,111521.3114,110020.8443,sl,2.0,-1.665,0.3307,锤头 + 接近支撑位 + 顺 1H 多头趋势 + 非破位延续
2025-10-24 12:30:00+00:00,2025-10-24 13:30:00+00:00,long,111512.4,110976.07,113988.0,110976.07,sl,4.62,-1.655,0.3111,看涨吞没 + 接近支撑位 + 顺 1H 多头趋势 + 非破位延续 + 放量
2025-10-27 00:30:00+00:00,2025-10-27 23:00:00+00:00,long,114848.6,113983.3211,116579.1578,113983.3211,sl,2.0,-1.599,0.1983,看涨吞没 + 接近支撑位 + 近期 swing 低点 + 顺 1H 多头趋势 + 非破位延续
2025-10-29 21:30:00+00:00,2025-10-29 23:30:00+00:00,short,111546.0,112336.0,109966.0,109966.0,tp,2.0,2.896,0.2103,流星 + 接近压力位 + 近期 swing 高点 + 顺 1H 空头趋势
2025-10-30 22:00:00+00:00,2025-10-30 23:30:00+00:00,short,107622.0,108245.2645,106375.471,108245.2645,sl,2.0,-1.63,0.2598,乌云盖顶 + 接近压力位 + 近期 swing 高点 + 顺 1H 空头趋势 + 非破位延续
2025-11-03 07:30:00+00:00,2025-11-03 12:00:00+00:00,short,107435.2,108122.2967,106061.0066,108122.2967,sl,2.0,-1.618,0.2353,乌云盖顶 + 接近压力位 + 近期 swing 高点 + 顺 1H 空头趋势 + 非破位延续
2025-11-04 12:00:00+00:00,2025-11-04 14:30:00+00:00,short,104297.9,104994.04,102905.62,102905.62,tp,2.0,2.889,0.2232,黄昏星 + 接近压力位 + 近期 swing 高点 + 顺 1H 空头趋势 + 非破位延续
2025-11-04 23:45:00+00:00,2025-11-05 01:15:00+00:00,short,101436.4,101972.6028,99907.3,99907.3,tp,2.85,4.138,0.2816,流星 + 接近压力位 + 顺 1H 空头趋势
2025-11-05 05:15:00+00:00,2025-11-05 09:00:00+00:00,short,101834.0,102155.1488,99907.3,102155.1488,sl,6.0,-1.739,0.4764,看跌吞没 + 接近压力位 + 近期 swing 高点 + 顺 1H 空头趋势 + 非破位延续
2025-11-06 05:00:00+00:00,2025-11-06 15:00:00+00:00,short,103469.9,104228.4501,101952.7998,101952.7998,tp,2.0,2.899,0.2031,看跌吞没 + 接近压力位 + 近期 swing 高点 + 顺 1H 空头趋势 + 非破位延续
2025-11-06 15:30:00+00:00,2025-11-06 16:00:00+00:00,short,101740.2,102155.1488,100910.3024,102155.1488,sl,2.0,-1.685,0.3685,看跌吞没 + 接近压力位 + 顺 1H 空头趋势 + 非破位延续 + 放量
2025-11-06 20:00:00+00:00,2025-11-07 03:00:00+00:00,short,101252.0,101972.6028,99810.7944,101972.6028,sl,2.0,-1.606,0.2115,流星 + 接近压力位 + 顺 1H 空头趋势 + 非破位延续
2025-11-08 05:15:00+00:00,2025-11-08 11:45:00+00:00,short,102460.2,102793.9595,101792.681,101792.681,tp,2.0,2.771,0.459,流星 + 接近压力位 + 顺 1H 空头趋势 + 非破位延续
2025-11-09 17:15:00+00:00,2025-11-09 19:30:00+00:00,long,103568.4,102970.9576,104763.2848,104763.2848,tp,2.0,2.868,0.2615,锤头 + 接近支撑位 + 近期 swing 低点 + 顺 1H 多头趋势 + 非破位延续
2025-11-10 02:45:00+00:00,2025-11-10 14:45:00+00:00,long,105948.7,105238.335,107369.43,105238.335,sl,2.0,-1.611,0.223,看涨吞没 + 接近支撑位 + 近期 swing 低点 + 顺 1H 多头趋势 + 非破位延续
2025-11-13 00:15:00+00:00,2025-11-13 01:00:00+00:00,short,101444.5,102253.6434,99826.2132,102253.6434,sl,2.0,-1.595,0.1888,看跌吞没 + 接近压力位 + 顺 1H 空头趋势 + 非破位延续
2025-11-14 02:45:00+00:00,2025-11-14 04:30:00+00:00,short,99581.5,100124.8762,98494.7476,98494.7476,tp,2.0,1.432,0.1367,看跌吞没 + 接近压力位 + 近期 swing 高点 + 顺 1H 空头趋势 + 非破位延续
2025-11-15 01:15:00+00:00,2025-11-15 01:45:00+00:00,short,95088.4,95721.305,93822.59,95721.305,sl,2.0,-0.807,0.1131,流星 + 接近压力位 + 顺 1H 空头趋势 + 非破位延续
2025-11-15 08:30:00+00:00,2025-11-15 13:45:00+00:00,short,95872.0,96203.1462,95209.7076,96203.1462,sl,2.0,-0.859,0.2175,流星 + 接近压力位 + 顺 1H 空头趋势 + 非破位延续
2025-11-16 20:30:00+00:00,2025-11-17 00:30:00+00:00,short,94286.2,94991.8231,92874.9538,94991.8231,sl,2.0,-0.8,0.1006,看跌吞没 + 接近压力位 + 近期 swing 高点 + 顺 1H 空头趋势 + 非破位延续
2025-11-18 11:00:00+00:00,2025-11-18 14:15:00+00:00,short,91370.7,91843.1052,90425.8896,91843.1052,sl,2.0,-0.823,0.1454,看跌吞没 + 接近压力位 + 顺 1H 空头趋势 + 非破位延续
2025-11-19 15:15:00+00:00,2025-11-19 15:45:00+00:00,short,91194.2,91843.1052,89896.3896,89896.3896,tp,2.0,1.448,0.1047,看跌吞没 + 接近压力位 + 近期 swing 高点 + 顺 1H 空头趋势 + 非破位延续 + 放量
2025-11-20 13:30:00+00:00,2025-11-20 14:00:00+00:00,short,91585.9,92019.9341,90717.8318,90717.8318,tp,2.0,1.422,0.1575,流星 + 接近压力位 + 近期 swing 高点 + 顺 1H 空头趋势 + 非破位延续 + 放量
2025-11-20 15:00:00+00:00,2025-11-20 16:00:00+00:00,short,90362.4,91086.5423,88914.1154,88914.1154,tp,2.0,1.454,0.0928,看跌吞没 + 接近压力位 + 顺 1H 空头趋势 + 非破位延续 + 放量
2025-11-22 07:00:00+00:00,2025-11-22 22:45:00+00:00,short,84432.9,85024.31,83250.08,85024.31,sl,2.0,-0.804,0.1074,看跌吞没 + 接近压力位 + 近期 swing 高点 + 顺 1H 空头趋势 + 非破位延续
2025-11-23 21:15:00+00:00,2025-11-23 23:15:00+00:00,long,87547.9,86858.3409,88927.0182,86858.3409,sl,2.0,-1.594,0.1897,看涨吞没 + 接近支撑位 + 近期 swing 低点 + 顺 1H 多头趋势 + 非破位延续
2025-11-25 00:30:00+00:00,2025-11-25 01:45:00+00:00,long,88146.9,87782.2608,89183.2,87782.2608,sl,2.84,-1.681,0.3619,看涨吞没 + 接近支撑位 + 近期 swing 低点 + 顺 1H 多头趋势 + 非破位延续 + 放量
2025-11-26 05:00:00+00:00,2025-11-26 09:45:00+00:00,long,87375.0,86858.3409,88408.3182,86858.3409,sl,2.0,-1.626,0.2529,看涨吞没 + 接近支撑位 + 顺 1H 多头趋势 + 非破位延续
2025-11-27 16:30:00+00:00,2025-11-28 02:00:00+00:00,long,91249.4,90712.045,92324.11,90712.045,sl,2.0,-0.813,0.127,看涨吞没 + 接近支撑位 + 顺 1H 多头趋势 + 非破位延续 + 放量
2025-12-01 10:00:00+00:00,2025-12-01 12:30:00+00:00,short,86628.8,87160.7,85560.1,85560.1,tp,2.01,1.447,0.1214,流星 + 接近压力位 + 顺 1H 空头趋势 + 非破位延续
2025-12-01 23:30:00+00:00,2025-12-02 01:00:00+00:00,short,86475.6,86893.8017,85560.1,86893.8017,sl,2.19,-0.828,0.1555,乌云盖顶 + 接近压力位 + 近期 swing 高点 + 顺 1H 空头趋势 + 非破位延续
2025-12-02 20:45:00+00:00,2025-12-02 22:00:00+00:00,long,90986.1,90643.5511,91671.1978,91671.1978,tp,2.0,1.4,0.2,看涨吞没 + 接近支撑位 + 近期 swing 低点 + 顺 1H 多头趋势 + 非破位延续
2025-12-03 00:30:00+00:00,2025-12-03 02:00:00+00:00,long,91444.9,90939.361,92455.978,92455.978,tp,2.0,1.431,0.1364,看涨吞没 + 接近支撑位 + 近期 swing 低点 + 顺 1H 多头趋势 + 非破位延续
2025-12-03 09:00:00+00:00,2025-12-03 14:00:00+00:00,long,92937.5,92350.116,94112.268,92350.116,sl,2.0,-0.809,0.1183,看涨吞没 + 接近支撑位 + 近期 swing 低点 + 顺 1H 多头趋势 + 非破位延续
2025-12-04 15:00:00+00:00,2025-12-04 15:15:00+00:00,long,92610.5,92318.7105,93194.079,92318.7105,sl,2.0,-0.869,0.2377,看涨吞没 + 接近支撑位 + 近期 swing 低点 + 顺 1H 多头趋势 + 非破位延续 + 放量
2025-12-05 15:30:00+00:00,2025-12-05 16:00:00+00:00,short,90980.6,91707.7002,89526.3996,89526.3996,tp,2.0,2.908,0.1862,看跌吞没 + 接近压力位 + 近期 swing 高点 + 顺 1H 空头趋势 + 非破位延续
2025-12-05 20:15:00+00:00,2025-12-06 14:15:00+00:00,short,89513.1,90027.0734,88485.1532,90027.0734,sl,2.0,-1.631,0.262,看跌吞没 + 接近压力位 + 近期 swing 高点 + 顺 1H 空头趋势 + 非破位延续
2025-12-07 22:45:00+00:00,2025-12-07 23:15:00+00:00,short,89545.8,89818.65,89000.1,89818.65,sl,2.0,-1.747,0.493,看跌吞没 + 接近压力位 + 顺 1H 空头趋势 + 非破位延续
2025-12-09 05:45:00+00:00,2025-12-09 08:15:00+00:00,short,89857.9,90550.5391,88472.6218,90550.5391,sl,2.0,-1.598,0.1953,乌云盖顶 + 接近压力位 + 顺 1H 空头趋势 + 非破位延续
2025-12-10 18:30:00+00:00,2025-12-10 18:45:00+00:00,long,92543.4,92060.986,93508.228,92060.986,sl,2.0,-1.643,0.287,看涨吞没 + 接近支撑位 + 顺 1H 多头趋势 + 非破位延续 + 放量
2025-12-12 04:30:00+00:00,2025-12-12 14:30:00+00:00,long,92212.8,91918.2156,92801.9688,91918.2156,sl,2.0,-0.867,0.2344,看涨吞没 + 接近支撑位 + 顺 1H 多头趋势 + 非破位延续
2025-12-14 19:00:00+00:00,2025-12-15 01:45:00+00:00,short,88700.0,89296.2876,87507.4248,89296.2876,sl,2.0,-0.806,0.1119,看跌吞没 + 接近压力位 + 近期 swing 高点 + 顺 1H 空头趋势 + 非破位延续
2025-12-16 05:45:00+00:00,2025-12-16 06:45:00+00:00,short,85985.1,86443.9562,85067.3876,86443.9562,sl,2.0,-0.821,0.1409,乌云盖顶 + 接近压力位 + 顺 1H 空头趋势
2025-12-17 15:15:00+00:00,2025-12-17 15:30:00+00:00,short,89891.0,90216.1389,89240.7222,89240.7222,tp,2.0,1.397,0.2066,乌云盖顶 + 接近压力位 + 近期 swing 高点 + 顺 1H 空头趋势 + 非破位延续 + 放量
2025-12-17 16:00:00+00:00,2025-12-17 16:30:00+00:00,short,86931.3,87224.4908,86186.0,86186.0,tp,2.54,1.796,0.2214,流星 + 接近压力位 + 顺 1H 空头趋势 + 非破位延续 + 放量
2025-12-17 18:00:00+00:00,2025-12-17 18:30:00+00:00,short,86513.1,86774.545,85990.21,85990.21,tp,2.0,1.377,0.2474,流星 + 接近压力位 + 顺 1H 空头趋势 + 非破位延续
2025-12-17 21:15:00+00:00,2025-12-18 02:00:00+00:00,short,85805.3,86443.9562,84527.9876,86443.9562,sl,2.0,-0.801,0.1011,看跌吞没 + 接近压力位 + 顺 1H 空头趋势 + 非破位延续
2025-12-18 18:30:00+00:00,2025-12-18 18:45:00+00:00,short,86427.4,86736.0298,85810.1404,85810.1404,tp,2.0,1.396,0.2093,流星 + 接近压力位 + 顺 1H 空头趋势 + 非破位延续
2025-12-18 23:15:00+00:00,2025-12-19 03:00:00+00:00,short,85444.1,86075.454,84181.392,86075.454,sl,2.0,-0.801,0.1019,看跌吞没 + 接近压力位 + 顺 1H 空头趋势 + 非破位延续
2025-12-19 22:00:00+00:00,2025-12-21 09:45:00+00:00,long,88006.3,87488.744,89041.412,89041.412,tp,2.0,2.871,0.2566,看涨吞没 + 接近支撑位 + 近期 swing 低点 + 顺 1H 多头趋势 + 非破位延续
2025-12-22 01:00:00+00:00,2025-12-22 02:00:00+00:00,long,88943.1,88278.1686,90272.9628,88278.1686,sl,2.0,-1.6,0.1999,刺透 + 接近支撑位 + 顺 1H 多头趋势 + 非破位延续 + 放量
2025-12-23 17:00:00+00:00,2025-12-23 20:30:00+00:00,short,87814.3,88184.6627,87073.5746,88184.6627,sl,2.0,-1.679,0.3564,流星 + 接近压力位 + 近期 swing 高点 + 顺 1H 空头趋势 + 非破位延续
2025-12-26 08:00:00+00:00,2025-12-26 14:30:00+00:00,long,88639.6,88212.8651,89493.0698,88212.8651,sl,2.0,-0.828,0.1554,刺透 + 接近支撑位 + 近期 swing 低点 + 顺 1H 多头趋势 + 非破位延续 + 放量
2025-12-29 20:15:00+00:00,2025-12-30 08:00:00+00:00,short,87301.9,87680.4546,86544.7908,87680.4546,sl,2.0,-0.837,0.1733,看跌吞没 + 接近压力位 + 顺 1H 空头趋势 + 非破位延续
2026-01-02 15:30:00+00:00,2026-01-04 00:00:00+00:00,long,89717.7,89044.5625,91063.975,91063.975,tp,2.0,2.899,0.2014,看涨吞没 + 接近支撑位 + 顺 1H 多头趋势 + 非破位延续 + 放量
2026-01-07 16:30:00+00:00,2026-01-07 18:45:00+00:00,short,91414.0,91690.1477,90861.7046,90861.7046,tp,2.0,2.753,0.495,看跌吞没 + 接近压力位 + 顺 1H 空头趋势 + 非破位延续
2026-01-09 19:00:00+00:00,2026-01-11 12:45:00+00:00,short,90495.4,90917.938,89650.324,90917.938,sl,2.0,-1.661,0.322,看跌吞没 + 接近压力位 + 顺 1H 空头趋势 + 非破位延续
2026-01-12 19:45:00+00:00,2026-01-12 20:30:00+00:00,long,91834.0,91446.834,92608.332,91446.834,sl,2.0,-1.677,0.355,看涨吞没 + 接近支撑位 + 顺 1H 多头趋势 + 非破位延续
2026-01-14 01:00:00+00:00,2026-01-14 06:00:00+00:00,long,95462.0,94754.3815,96877.237,94754.3815,sl,2.0,-1.6,0.2016,看涨吞没 + 接近支撑位 + 顺 1H 多头趋势 + 非破位延续
2026-01-15 15:45:00+00:00,2026-01-15 18:00:00+00:00,long,96681.0,96179.3936,97684.2128,96179.3936,sl,2.0,-0.822,0.1442,看涨吞没 + 接近支撑位 + 近期 swing 低点 + 顺 1H 多头趋势 + 非破位延续 + 放量
2026-01-19 04:00:00+00:00,2026-01-19 08:15:00+00:00,short,92561.2,93016.1137,91651.3726,93016.1137,sl,2.0,-0.827,0.153,看跌吞没 + 接近压力位 + 近期 swing 高点 + 顺 1H 空头趋势 + 非破位延续
2026-01-20 21:15:00+00:00,2026-01-20 22:30:00+00:00,short,89579.4,90085.448,88567.304,88567.304,tp,2.0,1.434,0.132,看跌吞没 + 接近压力位 + 近期 swing 高点 + 顺 1H 空头趋势 + 非破位延续
2026-01-21 02:45:00+00:00,2026-01-21 04:45:00+00:00,short,89004.2,89577.93,87716.1,89577.93,sl,2.25,-0.809,0.1167,流星 + 接近压力位 + 近期 swing 高点 + 顺 1H 空头趋势 + 非破位延续
2026-01-21 16:00:00+00:00,2026-01-21 16:30:00+00:00,short,89698.1,90085.448,88923.404,88923.404,tp,2.0,1.414,0.1729,看跌吞没 + 接近压力位 + 近期 swing 高点 + 顺 1H 空头趋势 + 非破位延续
2026-01-21 23:30:00+00:00,2026-01-22 01:15:00+00:00,short,89505.8,90085.448,88346.504,90085.448,sl,2.0,-0.808,0.1162,黄昏星 + 接近压力位 + 顺 1H 空头趋势 + 非破位延续
2026-01-22 15:45:00+00:00,2026-01-22 17:45:00+00:00,short,88956.0,89577.93,87712.14,89577.93,sl,2.0,-0.804,0.1076,流星 + 接近压力位 + 顺 1H 空头趋势 + 非破位延续 + 放量
2026-01-23 20:15:00+00:00,2026-01-24 14:00:00+00:00,short,89771.9,90085.448,89144.804,89144.804,tp,2.0,2.787,0.428,看跌吞没 + 接近压力位 + 顺 1H 空头趋势 + 非破位延续
2026-01-27 17:00:00+00:00,2026-01-27 18:45:00+00:00,short,87982.5,88391.5816,87164.3368,88391.5816,sl,2.0,-1.662,0.3234,黄昏星 + 接近压力位 + 近期 swing 高点 + 顺 1H 空头趋势 + 非破位延续 + 放量
2026-01-29 22:00:00+00:00,2026-01-30 01:30:00+00:00,short,84305.8,84901.944,83113.512,83113.512,tp,2.0,2.895,0.2106,看跌吞没 + 接近压力位 + 近期 swing 高点 + 顺 1H 空头趋势 + 非破位延续
2026-01-30 11:15:00+00:00,2026-01-30 14:30:00+00:00,short,82688.0,83346.9931,81370.0138,83346.9931,sl,2.0,-1.595,0.189,看跌吞没 + 接近压力位 + 顺 1H 空头趋势 + 非破位延续
2026-02-02 00:45:00+00:00,2026-02-02 01:00:00+00:00,short,77641.1,77993.28,76936.74,76936.74,tp,2.0,2.836,0.3292,黄昏星 + 接近压力位 + 近期 swing 高点 + 顺 1H 空头趋势 + 非破位延续
2026-02-03 02:30:00+00:00,2026-02-03 02:45:00+00:00,short,78351.4,78631.7898,77790.6204,77790.6204,tp,2.0,2.792,0.4177,看跌吞没 + 接近压力位 + 顺 1H 空头趋势 + 非破位延续 + 放量
2026-02-03 11:15:00+00:00,2026-02-03 12:45:00+00:00,short,78009.3,78353.8585,77320.183,78353.8585,sl,2.0,-1.671,0.3404,看跌吞没 + 接近压力位 + 顺 1H 空头趋势 + 非破位延续
2026-02-03 16:45:00+00:00,2026-02-03 17:00:00+00:00,short,76461.2,76809.1382,75671.5,75671.5,tp,2.27,3.241,0.3279,看跌吞没 + 接近压力位 + 顺 1H 空头趋势 + 非破位延续
2026-02-03 21:15:00+00:00,2026-02-03 22:15:00+00:00,short,76459.7,76809.1382,75671.5,75671.5,tp,2.26,3.221,0.3265,乌云盖顶 + 接近压力位 + 近期 swing 高点 + 顺 1H 空头趋势 + 非破位延续
2026-02-04 04:15:00+00:00,2026-02-04 11:15:00+00:00,short,76556.4,76809.1382,75671.5,75671.5,tp,3.5,5.027,0.4517,看跌吞没 + 接近压力位 + 近期 swing 高点 + 顺 1H 空头趋势 + 非破位延续
2026-02-05 10:00:00+00:00,2026-02-05 11:15:00+00:00,short,71462.3,71806.5754,70100.0,70100.0,tp,3.96,5.783,0.3084,乌云盖顶 + 接近压力位 + 近期 swing 高点 + 顺 1H 空头趋势 + 非破位延续
2026-02-06 02:00:00+00:00,2026-02-06 02:30:00+00:00,short,64821.9,65098.2105,62656.2,65098.2105,sl,7.84,-1.677,0.3526,乌云盖顶 + 接近压力位 + 近期 swing 高点 + 顺 1H 空头趋势 + 非破位延续
2026-02-07 08:30:00+00:00,2026-02-07 12:00:00+00:00,short,68338.5,68862.7704,67289.9592,68862.7704,sl,2.0,-1.599,0.1963,流星 + 接近压力位 + 近期 swing 高点 + 顺 1H 空头趋势 + 非破位延续
2026-02-08 22:00:00+00:00,2026-02-08 23:00:00+00:00,long,70802.2,70298.5697,71809.4606,71809.4606,tp,2.0,2.893,0.2124,看涨吞没 + 接近支撑位 + 近期 swing 低点 + 顺 1H 多头趋势 + 非破位延续
2026-02-09 02:15:00+00:00,2026-02-09 03:30:00+00:00,long,70426.0,69995.8805,71286.239,71286.239,tp,2.0,2.876,0.2471,看涨吞没 + 接近支撑位 + 近期 swing 低点 + 顺 1H 多头趋势 + 非破位延续
2026-02-09 19:00:00+00:00,2026-02-09 21:30:00+00:00,long,70443.2,70044.7335,71240.133,70044.7335,sl,2.0,-1.632,0.2644,看涨吞没 + 接近支撑位 + 顺 1H 多头趋势 + 非破位延续
2026-02-10 01:45:00+00:00,2026-02-10 02:30:00+00:00,long,70461.8,70044.7335,71295.933,70044.7335,sl,2.0,-1.626,0.2527,锤头 + 接近支撑位 + 顺 1H 多头趋势 + 非破位延续
2026-02-11 12:30:00+00:00,2026-02-11 13:30:00+00:00,short,67053.8,67436.1032,66289.1936,67436.1032,sl,2.0,-1.632,0.2638,看跌吞没 + 接近压力位 + 顺 1H 空头趋势 + 非破位延续 + 放量
2026-02-12 14:00:00+00:00,2026-02-12 14:30:00+00:00,short,67979.8,68247.2293,67444.9414,68247.2293,sl,2.0,-1.691,0.382,看跌吞没 + 接近压力位 + 近期 swing 高点 + 顺 1H 空头趋势 + 非破位延续 + 放量
2026-02-13 21:00:00+00:00,2026-02-14 11:00:00+00:00,long,68965.3,68444.05,70007.8,70007.8,tp,2.0,1.45,0.1,看涨吞没 + 接近支撑位 + 近期 swing 低点 + 顺 1H 多头趋势 + 非破位延续
2026-02-15 01:45:00+00:00,2026-02-15 02:15:00+00:00,long,69690.9,69421.6085,70229.483,69421.6085,sl,2.0,-0.847,0.1937,启明星 + 接近支撑位 + 近期 swing 低点 + 顺 1H 多头趋势 + 非破位延续
2026-02-15 10:15:00+00:00,2026-02-15 12:45:00+00:00,long,70395.3,69964.6744,71256.5512,69964.6744,sl,2.0,-0.811,0.1222,看涨吞没 + 接近支撑位 + 近期 swing 低点 + 顺 1H 多头趋势 + 非破位延续
2026-02-16 13:00:00+00:00,2026-02-16 13:15:00+00:00,short,69623.7,70084.4244,68702.2512,68702.2512,tp,2.0,1.444,0.1126,流星 + 接近压力位 + 近期 swing 高点 + 顺 1H 空头趋势 + 非破位延续 + 放量
2026-02-16 13:15:00+00:00,2026-02-16 15:30:00+00:00,short,68580.1,69075.607,67589.086,67589.086,tp,2.0,1.449,0.1031,黄昏星 + 接近压力位 + 近期 swing 高点 + 顺 1H 空头趋势 + 非破位延续 + 放量
2026-02-17 06:45:00+00:00,2026-02-17 10:45:00+00:00,short,68363.8,68692.7619,67705.8762,67705.8762,tp,2.0,1.423,0.1551,看跌吞没 + 接近压力位 + 近期 swing 高点 + 顺 1H 空头趋势 + 非破位延续
2026-02-17 12:45:00+00:00,2026-02-17 14:45:00+00:00,short,67897.9,68424.4594,66844.7812,66844.7812,tp,2.0,1.452,0.096,看跌吞没 + 接近压力位 + 顺 1H 空头趋势 + 非破位延续 + 放量
2026-02-18 20:45:00+00:00,2026-02-19 01:00:00+00:00,short,66234.9,66718.4567,65267.7866,66718.4567,sl,2.0,-0.802,0.1031,看跌吞没 + 接近压力位 + 近期 swing 高点 + 顺 1H 空头趋势 + 非破位延续
2026-02-19 17:15:00+00:00,2026-02-19 18:30:00+00:00,short,66590.6,66925.175,65921.45,66925.175,sl,2.0,-0.825,0.1496,流星 + 接近压力位 + 近期 swing 高点 + 顺 1H 空头趋势 + 非破位延续 + 放量
2026-02-20 19:45:00+00:00,2026-02-20 23:00:00+00:00,long,67613.5,67358.6161,68123.2678,68123.2678,tp,2.0,1.4,0.1997,看涨吞没 + 接近支撑位 + 顺 1H 多头趋势 + 非破位延续
2026-02-20 23:45:00+00:00,2026-02-21 03:30:00+00:00,long,67986.4,67511.5559,68936.0882,67511.5559,sl,2.0,-0.803,0.107,看涨吞没 + 接近支撑位 + 顺 1H 多头趋势 + 非破位延续
2026-02-23 08:00:00+00:00,2026-02-23 09:30:00+00:00,short,65814.9,66182.955,64631.9,66182.955,sl,3.21,-1.635,0.269,看跌吞没 + 接近压力位 + 近期 swing 高点 + 顺 1H 空头趋势 + 非破位延续
2026-02-24 11:00:00+00:00,2026-02-24 13:30:00+00:00,short,63165.0,63521.1936,62452.6128,62452.6128,tp,2.0,2.868,0.2645,看跌吞没 + 接近压力位 + 近期 swing 高点 + 顺 1H 空头趋势 + 非破位延续
2026-02-25 13:15:00+00:00,2026-02-25 15:00:00+00:00,long,66141.3,65657.9335,67108.033,67108.033,tp,2.0,2.896,0.2068,看涨吞没 + 接近支撑位 + 顺 1H 多头趋势 + 非破位延续
2026-02-25 16:00:00+00:00,2026-02-25 17:00:00+00:00,long,67560.8,67115.4478,68451.5044,68451.5044,tp,2.0,2.885,0.2291,看涨吞没 + 接近支撑位 + 顺 1H 多头趋势 + 非破位延续
2026-02-26 12:45:00+00:00,2026-02-26 14:00:00+00:00,long,68138.0,67742.3614,68929.2772,67742.3614,sl,2.0,-1.628,0.2576,看涨吞没 + 接近支撑位 + 顺 1H 多头趋势 + 非破位延续
2026-02-27 15:45:00+00:00,2026-02-27 17:15:00+00:00,short,66068.0,66510.8357,65182.3286,65182.3286,tp,2.0,2.89,0.2223,流星 + 接近压力位 + 顺 1H 空头趋势 + 非破位延续
2026-02-27 18:00:00+00:00,2026-02-27 23:15:00+00:00,short,65515.6,65867.1103,64812.5794,65867.1103,sl,2.0,-1.641,0.2803,乌云盖顶 + 接近压力位 + 顺 1H 空头趋势 + 非破位延续
2026-03-01 02:30:00+00:00,2026-03-01 02:45:00+00:00,long,68029.7,67742.3614,68604.3772,67742.3614,sl,2.0,-1.677,0.3544,看涨吞没 + 接近支撑位 + 顺 1H 多头趋势 + 非破位延续
2026-03-02 03:00:00+00:00,2026-03-02 07:00:00+00:00,long,66461.2,65962.3176,67458.9648,65962.3176,sl,2.0,-1.599,0.1991,看涨吞没 + 接近支撑位 + 顺 1H 多头趋势 + 非破位延续
2026-03-03 17:45:00+00:00,2026-03-03 18:00:00+00:00,long,68268.5,67989.5177,68826.4646,67989.5177,sl,2.0,-1.683,0.3663,看涨吞没 + 接近支撑位 + 顺 1H 多头趋势 + 非破位延续
2026-03-05 01:00:00+00:00,2026-03-05 01:30:00+00:00,long,73087.7,72633.5437,73996.0126,72633.5437,sl,2.0,-0.81,0.1203,看涨吞没 + 接近支撑位 + 顺 1H 多头趋势 + 非破位延续 + 放量
2026-03-06 14:30:00+00:00,2026-03-06 15:30:00+00:00,short,68704.0,69031.7759,67814.3,69031.7759,sl,2.71,-0.829,0.1576,看跌吞没 + 接近压力位 + 顺 1H 空头趋势 + 非破位延续 + 放量
2026-03-08 14:00:00+00:00,2026-03-08 22:00:00+00:00,short,67257.1,67612.3303,66546.6394,66546.6394,tp,2.0,1.43,0.1413,流星 + 接近压力位 + 顺 1H 空头趋势
2026-03-09 02:45:00+00:00,2026-03-09 03:00:00+00:00,short,66500.0,66936.0074,65627.9852,66936.0074,sl,2.0,-0.808,0.1148,流星 + 接近压力位 + 顺 1H 空头趋势
2026-03-11 15:30:00+00:00,2026-03-11 17:15:00+00:00,long,70021.9,69512.834,71040.032,71040.032,tp,2.0,1.448,0.1039,锤头 + 接近支撑位 + 近期 swing 低点 + 顺 1H 多头趋势 + 非破位延续
2026-03-12 11:15:00+00:00,2026-03-12 13:15:00+00:00,long,70504.1,70122.6989,71266.9022,70122.6989,sl,2.0,-0.819,0.1383,看涨吞没 + 接近支撑位 + 顺 1H 多头趋势 + 非破位延续
2026-03-12 19:00:00+00:00,2026-03-12 23:15:00+00:00,long,69892.8,69512.834,70652.732,70652.732,tp,2.0,1.43,0.1387,看涨吞没 + 接近支撑位 + 近期 swing 低点 + 顺 1H 多头趋势 + 非破位延续
2026-03-16 01:30:00+00:00,2026-03-16 03:30:00+00:00,long,72561.8,71997.0589,73691.2822,73691.2822,tp,2.0,2.902,0.1942,锤头 + 接近支撑位 + 近期 swing 低点 + 顺 1H 多头趋势 + 非破位延续
2026-03-16 07:15:00+00:00,2026-03-16 08:30:00+00:00,long,73797.7,73322.7698,74747.5604,73322.7698,sl,2.0,-1.616,0.2323,锤头 + 接近支撑位 + 顺 1H 多头趋势 + 非破位延续
2026-03-16 15:00:00+00:00,2026-03-16 15:45:00+00:00,long,73633.1,73322.7698,74253.7604,73322.7698,sl,2.0,-1.677,0.3552,锤头 + 接近支撑位 + 近期 swing 低点 + 顺 1H 多头趋势 + 非破位延续
2026-03-17 04:45:00+00:00,2026-03-17 05:30:00+00:00,long,74214.9,73983.9802,74676.7396,73983.9802,sl,2.0,-1.74,0.4813,刺透 + 接近支撑位 + 顺 1H 多头趋势 + 非破位延续
2026-03-18 17:00:00+00:00,2026-03-18 18:00:00+00:00,short,71253.0,71814.8,70129.4,71814.8,sl,2.0,-1.596,0.191,乌云盖顶 + 接近压力位 + 顺 1H 空头趋势 + 非破位延续
2026-03-19 19:15:00+00:00,2026-03-20 03:30:00+00:00,short,70248.6,70745.4014,69254.9972,70745.4014,sl,2.0,-0.803,0.1064,流星 + 接近压力位 + 顺 1H 空头趋势 + 非破位延续 + 放量
2026-03-22 04:15:00+00:00,2026-03-22 11:45:00+00:00,short,69230.5,69785.5304,68120.4392,68120.4392,tp,2.0,1.454,0.0928,看跌吞没 + 接近压力位 + 近期 swing 高点 + 顺 1H 空头趋势 + 非破位延续
2026-03-22 13:30:00+00:00,2026-03-22 21:00:00+00:00,short,68590.5,69131.2735,67508.953,67508.953,tp,2.0,1.453,0.0944,黄昏星 + 接近压力位 + 近期 swing 高点 + 顺 1H 空头趋势 + 非破位延续
2026-03-23 03:00:00+00:00,2026-03-23 05:00:00+00:00,short,68199.4,68642.7122,67312.7756,68642.7122,sl,2.0,-0.808,0.1158,看跌吞没 + 接近压力位 + 近期 swing 高点 + 顺 1H 空头趋势 + 非破位延续 + 放量
2026-03-24 01:15:00+00:00,2026-03-24 01:30:00+00:00,long,70796.3,70368.26,71652.38,70368.26,sl,2.0,-0.812,0.1237,看涨吞没 + 接近支撑位 + 顺 1H 多头趋势 + 非破位延续
2026-03-24 06:00:00+00:00,2026-03-24 07:00:00+00:00,long,70330.1,70077.6345,70835.031,70835.031,tp,2.0,1.395,0.2097,看涨吞没 + 接近支撑位 + 近期 swing 低点 + 顺 1H 多头趋势 + 非破位延续
2026-03-24 11:15:00+00:00,2026-03-24 13:15:00+00:00,long,71031.7,70601.558,71891.984,70601.558,sl,2.0,-0.812,0.1235,锤头 + 接近支撑位 + 顺 1H 多头趋势 + 非破位延续
2026-03-24 22:30:00+00:00,2026-03-24 23:15:00+00:00,long,70250.2,70024.3947,70701.8106,70701.8106,tp,2.0,1.383,0.2341,锤头 + 接近支撑位 + 顺 1H 多头趋势 + 非破位延续
2026-03-25 02:30:00+00:00,2026-03-25 08:30:00+00:00,long,70663.2,70301.8598,71385.8804,71385.8804,tp,2.0,1.426,0.1474,看涨吞没 + 接近支撑位 + 顺 1H 多头趋势 + 非破位延续
2026-03-25 10:30:00+00:00,2026-03-25 15:00:00+00:00,long,71393.6,70826.88,72527.04,70826.88,sl,2.0,-0.797,0.0941,看涨吞没 + 接近支撑位 + 近期 swing 低点 + 顺 1H 多头趋势 + 非破位延续
2026-03-25 20:30:00+00:00,2026-03-25 22:30:00+00:00,long,70916.9,70601.558,71547.584,71547.584,tp,2.0,1.415,0.1694,看涨吞没 + 接近支撑位 + 近期 swing 低点 + 顺 1H 多头趋势 + 非破位延续
2026-03-25 23:45:00+00:00,2026-03-26 02:30:00+00:00,long,71307.0,70843.1311,72234.7378,70843.1311,sl,2.0,-0.807,0.1149,刺透 + 接近支撑位 + 顺 1H 多头趋势 + 非破位延续
2026-03-26 10:30:00+00:00,2026-03-26 15:15:00+00:00,short,69513.0,69929.2603,68680.4794,68680.4794,tp,2.0,1.438,0.1245,看跌吞没 + 接近压力位 + 顺 1H 空头趋势 + 非破位延续
2026-03-26 21:45:00+00:00,2026-03-27 08:30:00+00:00,short,68888.3,69349.426,67966.048,67966.048,tp,2.0,1.445,0.1113,黄昏星 + 接近压力位 + 顺 1H 空头趋势 + 非破位延续
2026-03-29 23:15:00+00:00,2026-03-30 00:15:00+00:00,short,65975.3,66360.5863,65204.7274,66360.5863,sl,2.0,-1.629,0.2576,流星 + 接近压力位 + 顺 1H 空头趋势 + 非破位延续
2026-03-31 05:15:00+00:00,2026-03-31 07:15:00+00:00,long,67607.1,67129.007,68563.286,67129.007,sl,2.0,-1.605,0.2114,看涨吞没 + 接近支撑位 + 顺 1H 多头趋势 + 非破位延续
2026-04-01 10:45:00+00:00,2026-04-01 13:00:00+00:00,long,68555.4,68145.0497,69376.1006,68145.0497,sl,2.0,-0.812,0.1249,看涨吞没 + 接近支撑位 + 顺 1H 多头趋势 + 非破位延续
2026-04-02 15:15:00+00:00,2026-04-02 16:30:00+00:00,short,66801.9,67099.5967,66206.5066,67099.5967,sl,2.0,-0.835,0.1687,看跌吞没 + 接近压力位 + 近期 swing 高点 + 顺 1H 空头趋势 + 非破位延续
2026-04-06 17:45:00+00:00,2026-04-06 22:45:00+00:00,long,69530.9,69017.325,70558.05,69017.325,sl,2.0,-0.8,0.1012,看涨吞没 + 接近支撑位 + 近期 swing 低点 + 顺 1H 多头趋势 + 非破位延续
2026-04-08 03:15:00+00:00,2026-04-08 13:15:00+00:00,long,71462.2,71005.6421,72773.9,72773.9,tp,2.87,2.095,0.1185,看涨吞没 + 接近支撑位 + 近期 swing 低点 + 顺 1H 多头趋势 + 非破位延续
2026-04-08 16:30:00+00:00,2026-04-08 18:45:00+00:00,long,71416.1,71173.836,71935.0,71173.836,sl,2.14,-0.86,0.2207,锤头 + 接近支撑位 + 顺 1H 多头趋势 + 非破位延续
2026-04-09 18:45:00+00:00,2026-04-09 21:00:00+00:00,long,71858.3,71493.3745,72588.151,72588.151,tp,2.0,2.851,0.2969,锤头 + 接近支撑位 + 近期 swing 低点 + 顺 1H 多头趋势 + 非破位延续
2026-04-10 03:30:00+00:00,2026-04-10 07:45:00+00:00,long,71884.7,71564.66,72524.78,71564.66,sl,2.0,-1.668,0.3362,看涨吞没 + 接近支撑位 + 近期 swing 低点 + 顺 1H 多头趋势 + 非破位延续
2026-04-13 21:00:00+00:00,2026-04-13 22:00:00+00:00,long,73194.5,72946.502,73690.496,73690.496,tp,2.0,2.777,0.4442,看涨吞没 + 接近支撑位 + 顺 1H 多头趋势 + 非破位延续
2026-04-14 01:30:00+00:00,2026-04-14 13:45:00+00:00,long,74294.5,73713.6935,75456.113,75456.113,tp,2.0,2.903,0.1934,看涨吞没 + 接近支撑位 + 近期 swing 低点 + 顺 1H 多头趋势 + 非破位延续
2026-04-14 17:30:00+00:00,2026-04-14 18:45:00+00:00,long,74501.9,74027.25,75451.2,74027.25,sl,2.0,-1.617,0.2347,锤头 + 接近支撑位 + 顺 1H 多头趋势
2026-04-15 00:30:00+00:00,2026-04-15 05:15:00+00:00,long,74503.2,74027.25,75455.1,74027.25,sl,2.0,-1.617,0.2341,锤头 + 接近支撑位 + 顺 1H 多头趋势 + 非破位延续
2026-04-16 05:15:00+00:00,2026-04-16 10:00:00+00:00,long,75025.7,74455.96,76165.18,74455.96,sl,2.0,-1.598,0.1968,看涨吞没 + 接近支撑位 + 近期 swing 低点 + 顺 1H 多头趋势 + 非破位延续
2026-04-17 10:45:00+00:00,2026-04-17 12:45:00+00:00,long,75233.8,74811.889,76077.622,76077.622,tp,2.0,2.865,0.269,看涨吞没 + 接近支撑位 + 近期 swing 低点 + 顺 1H 多头趋势 + 非破位延续
2026-04-17 21:15:00+00:00,2026-04-17 23:15:00+00:00,long,77402.8,76893.625,78421.15,76893.625,sl,2.0,-1.613,0.2273,锤头 + 接近支撑位 + 近期 swing 低点 + 顺 1H 多头趋势 + 非破位延续
2026-04-19 17:30:00+00:00,2026-04-19 22:00:00+00:00,short,75150.0,75748.8669,73952.2662,73952.2662,tp,2.0,2.907,0.1867,看跌吞没 + 接近压力位 + 顺 1H 空头趋势 + 非破位延续
2026-04-20 02:00:00+00:00,2026-04-20 07:15:00+00:00,short,74365.4,74951.2813,73193.6374,74951.2813,sl,2.0,-1.596,0.1911,黄昏星 + 接近压力位 + 近期 swing 高点 + 顺 1H 空头趋势 + 非破位延续
2026-04-22 17:00:00+00:00,2026-04-22 23:15:00+00:00,long,78936.7,78356.224,80097.652,78356.224,sl,2.0,-1.601,0.2032,看涨吞没 + 接近支撑位 + 近期 swing 低点 + 顺 1H 多头趋势 + 非破位延续
2026-04-24 15:30:00+00:00,2026-04-24 16:15:00+00:00,long,77946.3,77671.9829,78494.9342,77671.9829,sl,2.0,-0.856,0.2127,启明星 + 接近支撑位 + 近期 swing 低点 + 顺 1H 多头趋势 + 非破位延续
2026-04-27 17:45:00+00:00,2026-04-27 23:15:00+00:00,short,76698.2,77135.3138,75823.9724,77135.3138,sl,2.0,-0.816,0.132,看跌吞没 + 接近压力位 + 近期 swing 高点 + 顺 1H 空头趋势 + 非破位延续
2026-04-29 14:00:00+00:00,2026-04-29 15:30:00+00:00,short,76555.1,76859.89,75945.52,75945.52,tp,2.0,1.407,0.1876,乌云盖顶 + 接近压力位 + 顺 1H 空头趋势 + 非破位延续
2026-04-29 21:45:00+00:00,2026-04-30 13:30:00+00:00,short,75900.0,76454.2768,74791.4464,76454.2768,sl,2.0,-0.802,0.1031,流星 + 接近压力位 + 近期 swing 高点 + 顺 1H 空头趋势
2026-05-01 17:00:00+00:00,2026-05-01 20:45:00+00:00,long,78290.3,77779.958,79310.984,77779.958,sl,2.0,-1.614,0.2294,看涨吞没 + 接近支撑位 + 近期 swing 低点 + 顺 1H 多头趋势 + 非破位延续
2026-05-04 06:45:00+00:00,2026-05-04 10:00:00+00:00,long,79833.5,79211.7497,81077.0006,79211.7497,sl,2.0,-1.596,0.1919,启明星 + 接近支撑位 + 近期 swing 低点 + 顺 1H 多头趋势 + 非破位延续
